date,who,trend,comment,next_post
2026-10-07,rin,ロードバイク,風が気持ちいい季節だから、わたしも海沿いを走ってみたいな🚲,0
2026-10-07,rina,三角チョコパイ,今年も来た〜秋の合図はこれ🍫 推しコーデと並べたいかわいさ,0
2026-10-07,mio,Kroi「SPIN」,カバー動画がいっぱいで、ベースのうねりに耳が止まらないの🎸,0
2026-10-08,rina,足袋の日,足元に足袋シューズってマジ今っぽい👣 来週の小物こだわりコーデで履かせたい,1
2026-10-08,mio,レイアース,トレンドに上がってて懐かしい色づかいにときめいたよ✨ 光の魔法みたいなエフェクト、背景演出の勉強にしたいな,0
2026-10-08,rin,そばの日,10月8日は「そ（10）ば（8）」で新そばの季節なんだって🥢 トレーニングのあとに温かいおそば、憧れちゃうな,0
2026-10-10,mio,三連休初日,三連休のはじまりだね🎶 朝のうちに土曜ダンスの仕上げを進めて、みんなの休日に間に合わせたいな,0
2026-10-10,rina,目の愛護デー,10月10日は目の愛護デーなんだって👀 アイメイクもまつ毛も、目をいたわってこそ映えるよね💅 来週のコーデ企画のメイクにも使えそう,1
2026-10-10,rin,体育の日,もともと10月10日は「体育の日」だったんだって🏃‍♀️ 今は来週月曜の「スポーツの日」だけど、三連休のうちに軽く体を動かしたくなっちゃうな💪,0
